name,latitude,longitude,description,link,icon
"Haemi",36.7126867,126.5380309,"Haemi International Catholic Martyrs' Shrine commemorates over 1,000 unknown martyrs buried alive during 1866-1882 persecutions, representing profound Catholic witness in Korea.","","https://raw.githubusercontent.com/mmm777/destinationes-places/main/blue%20flag%20light.png"
"Elele",5.131635999999999,6.8270091,"Elele is home to the International Sanctuary of Jesus the Saviour and Mother Mary, one of Africa's largest Catholic pilgrimage centers founded by Fr. Edeh in 1985.","","https://raw.githubusercontent.com/mmm777/destinationes-places/main/blue%20flag%20light.png"
"Knock",53.7919221,-8.9172503,"Knock Shrine is Ireland's International Eucharistic and Marian Shrine where an apparition of the Blessed Virgin Mary, St. Joseph and St. John appeared in 1879.","","https://raw.githubusercontent.com/mmm777/destinationes-places/main/blue%20flag%20light.png"
"Stary Wielisław",50.4000248,16.5652581,"Stary Wielisław is home to the International Shrine of Our Lady of Sorrows, a sacred pilgrimage site dating back to the 10th century, officially established by Pope Boniface VIII in 1300.","","https://raw.githubusercontent.com/mmm777/destinationes-places/main/blue%20flag%20light.png"
"Padua",45.4013941,11.8807731,"Padua is a major Catholic pilgrimage destination housing the relics of St. Anthony of Padua, one of the Church's most beloved saints, attracting millions of faithful to his magnificent basilica.","","https://raw.githubusercontent.com/mmm777/destinationes-places/main/blue%20flag%20light.png"
"Antipolo",14.5876196,121.1766203,"Antipolo is renowned as the Pilgrimage Capital of the Philippines, home to the International Shrine of Our Lady of Peace and Good Voyage, attracting millions of Marian devotees annually.","","https://raw.githubusercontent.com/mmm777/destinationes-places/main/blue%20flag%20light.png"
"Malayattoor",10.1852907,76.5067251,"Malayattoor is home to an international Catholic shrine dedicated to St. Thomas the Apostle, drawing millions of pilgrims to its hilltop sanctuary.","","https://raw.githubusercontent.com/mmm777/destinationes-places/main/blue%20flag%20light.png"
"Kraków",50.02142019999999,19.9367971,"Kraków is a profound Catholic pilgrimage destination, home to the Divine Mercy Sanctuary where St. Faustina's tomb resides and beloved by Pope John Paul II.","","https://raw.githubusercontent.com/mmm777/destinationes-places/main/blue%20flag%20light.png"
"Loreto",43.4410473,13.610297,"Loreto houses the Holy House of the Virgin Mary, believed to be the home where Jesus grew up and where Mary received the Annunciation. This holy site has drawn Catholic pilgrims for centuries.","","https://raw.githubusercontent.com/mmm777/destinationes-places/main/blue%20flag%20light.png"
"Lourdes",43.09746759999999,-0.05739209999999999,"Lourdes is renowned worldwide as a Catholic pilgrimage site where the Virgin Mary appeared to St. Bernadette in 1858, offering hope and healing through sacred waters.","","https://raw.githubusercontent.com/mmm777/destinationes-places/main/blue%20flag%20light.png"
"Aglona",56.1269526,27.0154761,"Aglona is Latvia's most important Catholic pilgrimage site, home to the Basilica of the Assumption with its miraculous 17th-century icon of Our Lady.","","https://raw.githubusercontent.com/mmm777/destinationes-places/main/blue%20flag%20light.png"
"Fátima\n\n",39.6321352,-8.6718929,"Fátima is one of the world's most important Catholic pilgrimage sites, where the Virgin Mary appeared to three shepherd children in 1917.","","https://raw.githubusercontent.com/mmm777/destinationes-places/main/blue%20flag%20light.png"
"Seoul",37.5633851,126.987436,"Seoul is home to Asia's first official Catholic pilgrimage route, featuring the historic Myeongdong Cathedral and sacred sites commemorating Korean martyrs.","","https://raw.githubusercontent.com/mmm777/destinationes-places/main/blue%20flag%20light.png"
"Vendeville",50.5761529,3.0805519,"Vendeville is home to the renowned Sanctuary of Saint Rita, drawing Catholic pilgrims seeking the intercession of the patron saint of impossible causes through year-round devotions.","","https://raw.githubusercontent.com/mmm777/destinationes-places/main/blue%20flag%20light.png"
"Šiluva",55.5302286,23.2246029,"Šiluva is Lithuania's most important Marian pilgrimage site, where Our Lady appeared in 1608, bringing thousands back to Catholic faith after the Reformation.","","https://raw.githubusercontent.com/mmm777/destinationes-places/main/blue%20flag.png"
"Vilnius",54.6813894,25.2855949,"Vilnius holds profound Catholic significance as home to the original Divine Mercy image and sacred relics of St. Casimir, Lithuania's patron saint.","","https://raw.githubusercontent.com/mmm777/destinationes-places/main/blue%20flag.png"
"Gibraltar",36.1113728,-5.3482249,"Gibraltar offers a unique Catholic pilgrimage experience with the historic Shrine of Our Lady of Europe, patroness of the territory, dating to the 14th century and deeply revered by locals.","","https://raw.githubusercontent.com/mmm777/destinationes-places/main/blue%20flag%20light.png"
"Mexico City",19.4848,-99.1179,"Mexico City is home to the world's most visited Catholic pilgrimage site, the Basilica of Our Lady of Guadalupe, where the Virgin Mary appeared to Juan Diego in 1531.","","https://raw.githubusercontent.com/mmm777/destinationes-places/main/blue%20flag.png"
"Filipov",50.980681,14.5973625,"Filipov is a significant Marian pilgrimage site in the Czech Republic, known for the 1866 apparition of the Virgin Mary to Magdalene Kade and subsequent miraculous healings.","","https://raw.githubusercontent.com/mmm777/destinationes-places/main/blue%20flag%20light.png"
"Șumuleu Ciuc",46.3786333,25.8250097,"Șumuleu Ciuc hosts Romania's largest Catholic pilgrimage, drawing 300,000 pilgrims annually for Pentecost celebrations at its Franciscan basilica.","","https://raw.githubusercontent.com/mmm777/destinationes-places/main/blue%20flag%20light.png"
"Máriapócs",47.87823239999999,22.0240033,"Máriapócs is Hungary's most important Greek Catholic pilgrimage site, famous for its miraculous weeping icon of the Virgin Mary that has drawn faithful since 1696.","","https://raw.githubusercontent.com/mmm777/destinationes-places/main/blue%20flag%20light.png"
"Beauraing",50.1089113,4.9612535,"Beauraing became a major Catholic pilgrimage site after 33 Marian apparitions to five children in 1932-1933, where Mary appeared as the Virgin of the Golden Heart.","","https://raw.githubusercontent.com/mmm777/destinationes-places/main/blue%20flag%20light.png"
"Le Puy-en-Velay",45.0456057,3.8847691,"Le Puy-en-Velay is one of France's oldest Marian pilgrimage sites, home to the Black Virgin and a major starting point for the Camino de Santiago.","","https://raw.githubusercontent.com/mmm777/destinationes-places/main/blue%20flag%20light.png"
"Einsiedeln",47.1267771,8.7523689,"Einsiedeln Abbey is Switzerland's largest pilgrimage site, home to the miraculous Black Madonna and continuous pilgrimage since St. Meinrad's hermitage in the 9th century.","","https://raw.githubusercontent.com/mmm777/destinationes-places/main/blue%20flag%20light.png"
"Paray-le-Monial",46.4498504,4.121802199999999,"Paray-le-Monial is the sacred site where Jesus revealed His Sacred Heart to St. Margaret Mary Alacoque, establishing it as a major Catholic pilgrimage destination.","","https://raw.githubusercontent.com/mmm777/destinationes-places/main/blue%20flag%20light.png"
"Częstochowa",50.8125957,19.0970058,"Częstochowa is Poland's most important Catholic pilgrimage destination, home to the miraculous Black Madonna icon at Jasna Góra Monastery, the spiritual heart of Polish Catholicism.","","https://raw.githubusercontent.com/mmm777/destinationes-places/main/blue%20flag%20light.png"
"La Salette",44.8586296,5.9788044,"La Salette is a major Catholic pilgrimage site where the Virgin Mary appeared to two children in 1846, bringing a message of reconciliation and conversion.","","https://raw.githubusercontent.com/mmm777/destinationes-places/main/blue%20flag%20light.png"
"Souvigny",46.5350609,3.1932634,"Souvigny is a historic Catholic pilgrimage destination housing the tombs of Saint Mayeul and Saint Odilo, two great abbots of Cluny. This peaceful sanctuary draws pilgrims seeking spiritual reflection.","","https://raw.githubusercontent.com/mmm777/destinationes-places/main/blue%20flag%20light.png"
"Ars",45.9923763,4.82299,"Ars is home to the shrine of St. John Vianney, the patron saint of parish priests. This holy site attracts pilgrims seeking spiritual renewal.","","https://raw.githubusercontent.com/mmm777/destinationes-places/main/blue%20flag%20light.png"
"Mellieħa",35.9603303,14.3613554,"Mellieħa hosts Malta's oldest Marian shrine, the Sanctuary of Our Lady of Mellieħa, dating to 60 AD with traditions linking it to St. Paul and St. Luke.","","https://raw.githubusercontent.com/mmm777/destinationes-places/main/blue%20flag%20light.png"
"Kibeho",-2.6496097,29.5532812,"Kibeho is the only Vatican-approved Marian apparition site in Africa, where the Virgin Mary appeared to schoolgirls between 1981-1989.","","https://raw.githubusercontent.com/mmm777/destinationes-places/main/blue%20flag%20light.png"
"Paris",48.8529,2.3499,"Paris hosts magnificent Catholic heritage including Notre-Dame Cathedral and the Miraculous Medal shrine, making it a profound pilgrimage destination.","","https://raw.githubusercontent.com/mmm777/destinationes-places/main/blue%20flag.png"
"Levoča",49.0432,20.5979,"Levoča is Slovakia's most important Catholic pilgrimage destination, home to the Basilica of the Visitation where tens of thousands gather annually.","","https://raw.githubusercontent.com/mmm777/destinationes-places/main/blue%20flag%20light.png"
"Alençon",48.429827,0.0890574,"Alençon is the birthplace of Saint Thérèse of Lisieux and home to the Basilica of Notre-Dame where her parents Saints Louis and Zélie Martin were married.","","https://raw.githubusercontent.com/mmm777/destinationes-places/main/blue%20flag%20light.png"
"Cotignac",43.5203739,6.146795699999999,"Cotignac is the world's only village where all three members of the Holy Family appeared, making it a premier Catholic pilgrimage destination in Provence.","","https://raw.githubusercontent.com/mmm777/destinationes-places/main/blue%20flag%20light.png"
"Rome",41.9021667,12.4539367,"Rome, the Eternal City, is the heart of Catholicism and seat of the Pope, drawing millions of pilgrims annually to sacred sites.","","https://raw.githubusercontent.com/mmm777/destinationes-places/main/blue%20flag%20light.png"
"Mont-Saint-Michel",48.6359569,-1.5117405,"Mont-Saint-Michel is a majestic medieval abbey dedicated to Archangel Michael, serving as one of Europe's most important Catholic pilgrimage destinations for over a millennium.","","https://raw.githubusercontent.com/mmm777/destinationes-places/main/blue%20flag%20light.png"
"Walsingham",52.88062430000001,0.8527178,"Walsingham is England's premier Marian pilgrimage site, known as 'England's Nazareth' since the 11th century when the Virgin Mary appeared to Lady Richeldis.","","https://raw.githubusercontent.com/mmm777/destinationes-places/main/blue%20flag%20light.png"
"Sainte-Anne-d'Auray",47.7041634,-2.9537733,"Sainte-Anne-d'Auray is Brittany's most important pilgrimage site where Saint Anne appeared in 1624, making it France's third major Catholic shrine.","","https://raw.githubusercontent.com/mmm777/destinationes-places/main/blue%20flag%20light.png"
"Saintes-Maries-de-la-Mer",43.45155,4.4277484,"This historic Camargue village houses relics of the Three Marys and Saint Sarah, drawing pilgrims since medieval times with annual May and October processions to the sea.","","https://raw.githubusercontent.com/mmm777/destinationes-places/main/blue%20flag%20light.png"
"Saint-Étienne-le-Laus",44.51962,6.151314,"Saint-Étienne-le-Laus is a renowned Catholic pilgrimage site where Our Lady appeared to shepherdess Benoîte Rencurel from 1664-1718, drawing 200,000 annual visitors.","","https://raw.githubusercontent.com/mmm777/destinationes-places/main/blue%20flag%20light.png"
"Zarvanytsia",49.2282132,25.3515556,"Zarvanytsia is Ukraine's most revered Marian pilgrimage site, home to the miraculous Mother of God icon since the 13th century.","","https://raw.githubusercontent.com/mmm777/destinationes-places/main/blue%20flag%20light.png"
"Banneux",50.5382448,5.7507226,"Banneux is renowned for the 1933 Marian apparitions of Our Lady of the Poor to Mariette Beco, drawing pilgrims seeking healing and spiritual guidance.","","https://raw.githubusercontent.com/mmm777/destinationes-places/main/blue%20flag%20light.png"
"Mariazell",47.7727486,15.3186281,"Mariazell is Austria's most important Catholic pilgrimage destination, home to the miraculous statue of Our Lady of Mariazell, drawing over one million pilgrims annually.","","https://raw.githubusercontent.com/mmm777/destinationes-places/main/blue%20flag%20light.png"
"Lisieux",49.13958210000001,0.2363702999999999,"Lisieux is France's second most important Catholic pilgrimage site after Lourdes, dedicated to St. Thérèse of the Child Jesus.","","https://raw.githubusercontent.com/mmm777/destinationes-places/main/blue%20flag%20light.png"
"Pontmain",48.4395907,-1.0582602,"Pontmain is a major Marian pilgrimage site where Our Lady appeared to four children in 1871, bringing hope during the Franco-Prussian War.","","https://raw.githubusercontent.com/mmm777/destinationes-places/main/blue%20flag%20light.png"
"Vézelay",47.4664908,3.7487466,"Vézelay is a major Catholic pilgrimage site housing relics of St. Mary Magdalene. This UNESCO World Heritage basilica was a starting point for the Way of St. James.","","https://raw.githubusercontent.com/mmm777/destinationes-places/main/blue%20flag%20light.png"
"Brive",45.1458344,1.5320518,"Brive is home to the ancient Caves of Saint Anthony of Padua, where pilgrims have sought spiritual refuge since the 13th century.","","https://raw.githubusercontent.com/mmm777/destinationes-places/main/blue%20flag%20light.png"
"Rocamadour",44.799,1.618,"Rocamadour is a spectacular cliffside pilgrimage site famous for its Black Madonna statue and miraculous healing powers, attracting kings and saints since the Middle Ages.","","https://raw.githubusercontent.com/mmm777/destinationes-places/main/blue%20flag%20light.png"
"Lalouvesc",45.1183804,4.5359208,"Lalouvesc is a renowned Catholic pilgrimage site where the Jesuit missionary Saint Jean-François Régis died and is buried, attracting pilgrims seeking his intercession since 1640.","","https://raw.githubusercontent.com/mmm777/destinationes-places/main/blue%20flag%20light.png"
"Zaragoza",41.6568982,-0.8785056,"Zaragoza is home to the first Marian sanctuary in Christianity, the Basilica of Our Lady of the Pillar, where the Virgin Mary appeared to St. James the Apostle.","","https://raw.githubusercontent.com/mmm777/destinationes-places/main/blue%20flag%20light.png"
"Leżajsk",50.2704531,22.4080509,"Leżajsk is home to the miraculous 16th-century Marian shrine where Our Lady appeared, crowned by Pope Benedict XIV in 1752.","","https://raw.githubusercontent.com/mmm777/destinationes-places/main/blue%20flag%20light.png"
"Altötting",48.2262932,12.6764649,"Altötting, Germany's oldest Marian shrine, has been a pilgrimage destination for over 500 years, renowned for the Black Madonna and countless healings attributed to Our Lady's intercession since the miracle of 1489.","","https://raw.githubusercontent.com/mmm777/destinationes-places/main/blue%20flag%20light.png"
"Gietrzwałd",53.7480461,20.2354769,"Gietrzwałd is Poland's only Church-approved Marian apparition site, known as the \"Polish Lourdes\" where Our Lady appeared in 1877.","","https://raw.githubusercontent.com/mmm777/destinationes-places/main/blue%20flag%20light.png"
"Għarb",36.0619403,14.2148987,"Għarb hosts Malta's most important Catholic pilgrimage site, the National Shrine of Ta' Pinu, renowned for miraculous apparitions and deep Marian devotion.","","https://raw.githubusercontent.com/mmm777/destinationes-places/main/blue%20flag%20light.png"
"Heiloo",52.5819571,4.691759,"Heiloo hosts the Netherlands' largest Marian pilgrimage site, the Sanctuary of Onze Lieve Vrouw ter Nood, with roots dating back to Saint Willibrord's miracles in 690.","","https://raw.githubusercontent.com/mmm777/destinationes-places/main/blue%20flag%20light.png"
"Varallo Sesia",45.8174688,8.2527434,"Varallo Sesia is home to the oldest Sacro Monte, a UNESCO World Heritage site founded in 1491 as a 'New Jerusalem' for Catholic pilgrims unable to travel to the Holy Land.","","https://raw.githubusercontent.com/mmm777/destinationes-places/main/blue%20flag%20light.png"
"Nice",43.7091765,7.281050199999998,"Nice features the national sanctuary Our Lady Help of Christians, a Catholic pilgrimage destination with beautiful art deco architecture and deep Marian devotion.","","https://raw.githubusercontent.com/mmm777/destinationes-places/main/blue%20flag%20light.png"
"Edinburgh",55.9561655,-3.1878632,"Edinburgh offers Catholic pilgrims the National Shrine of St Andrew at St Mary's Cathedral, Scotland's premier Catholic pilgrimage destination with over 200 years of sacred heritage.","","https://raw.githubusercontent.com/mmm777/destinationes-places/main/blue%20flag%20light.png"
"Madrid",40.415651,-3.714552,"Madrid serves as a key Catholic pilgrimage gateway to Spain, featuring the magnificent Almudena Cathedral and serving as starting point for Camino de Santiago journeys.","","https://raw.githubusercontent.com/mmm777/destinationes-places/main/blue%20flag%20light.png"
"Holywell",53.2773115,-3.2235485,"Holywell hosts St Winefride's Well, Britain's oldest continuously visited pilgrimage site with 1,400 years of Catholic healing tradition.","","https://raw.githubusercontent.com/mmm777/destinationes-places/main/blue%20flag%20light.png"
"Chartres",48.4478026,1.4878371,"Chartres Cathedral houses the sacred Veil of the Virgin Mary, drawing pilgrims for nearly 1,000 years to this Gothic masterpiece and major Marian sanctuary.","","https://raw.githubusercontent.com/mmm777/destinationes-places/main/blue%20flag%20light.png"
"London",51.49580899999999,-0.13944,"London's Westminster Cathedral stands as the mother church for Catholics in England and Wales, featuring spectacular Byzantine architecture and daily Eucharistic adoration.","","https://raw.githubusercontent.com/mmm777/destinationes-places/main/blue%20flag%20light.png"
"Trieste",45.6932713,13.7495898,"Trieste offers Catholic pilgrims the renowned National Shrine of Mary Mother and Queen at Monte Grisa, built as a symbol of peace after WWII salvation.","","https://raw.githubusercontent.com/mmm777/destinationes-places/main/blue%20flag%20light.png"
"Orselina",46.1751991,8.7939696,"Orselina houses the famous Madonna del Sasso sanctuary, founded after a 1480 Marian apparition and one of Switzerland's most important Catholic pilgrimage sites.","","https://raw.githubusercontent.com/mmm777/destinationes-places/main/blue%20flag%20light.png"
"Crediton",50.7874113,-3.6505646,"Crediton houses the National Shrine of St Boniface, the great Anglo-Saxon missionary born here in 680 who became patron saint of Germany and Devon.","","https://raw.githubusercontent.com/mmm777/destinationes-places/main/blue%20flag%20light.png"
"El Rocío",37.1306387,-6.485055699999999,"El Rocío is a major Catholic pilgrimage destination housing the revered Virgin of El Rocío statue, drawing over a million pilgrims annually during Pentecost.","","https://raw.githubusercontent.com/mmm777/destinationes-places/main/blue%20flag%20light.png"
"Reims",49.253828,4.0340474,"Reims is the historic coronation site of French kings and home to magnificent Gothic cathedrals. This sacred city draws Catholic pilgrims to witness where Clovis was baptized and monarchs were crowned.","","https://raw.githubusercontent.com/mmm777/destinationes-places/main/blue%20flag%20light.png"
"Pompeii",40.7501827,14.5005784,"Pompeii is home to the renowned Pontifical Shrine of Our Lady of the Rosary, drawing millions of Catholic pilgrims annually to experience miraculous Marian devotion.","","https://raw.githubusercontent.com/mmm777/destinationes-places/main/blue%20flag%20light.png"
"Santiago de Compostela",42.880688,-8.5443954,"Santiago de Compostela is one of Christianity's most important pilgrimage destinations, housing the tomb of Apostle Saint James the Greater and drawing millions of faithful since the 9th century.","","https://raw.githubusercontent.com/mmm777/destinationes-places/main/blue%20flag%20light.png"
"Faversham",51.3151634,0.8841007,"Faversham hosts England's National Shrine of Saint Jude, a major Catholic pilgrimage center with relics of the Apostle and medieval devotional art.","","https://raw.githubusercontent.com/mmm777/destinationes-places/main/blue%20flag%20light.png"
"Scherpenheuvel-Zichem",50.9803,4.9781,"Scherpenheuvel-Zichem is Belgium's most important Marian pilgrimage site, home to the Basilica of Our Lady of Scherpenheuvel, a revered center of Catholic devotion.","","https://raw.githubusercontent.com/mmm777/destinationes-places/main/blue%20flag%20light.png"
"Farnborough",51.2964454,-0.749651,"Farnborough houses England's National Shrine to St Joseph at St Michael's Abbey, a Benedictine monastery attracting Catholic pilgrims seeking spiritual reflection.","","https://raw.githubusercontent.com/mmm777/destinationes-places/main/blue%20flag%20light.png"
"Croagh Patrick",53.7599599,-9.6599469,"Croagh Patrick is Ireland's holy mountain where St. Patrick fasted for 40 days and continues as the nation's most important Catholic pilgrimage destination.","","https://raw.githubusercontent.com/mmm777/destinationes-places/main/blue%20flag%20light.png"
"Motherwell",55.7914435,-3.9871933,"Motherwell serves as a significant Catholic pilgrimage center with the renowned Carfin Grotto, Scotland's National Shrine to Our Lady of Lourdes, attracting over 70,000 pilgrims annually.","","https://raw.githubusercontent.com/mmm777/destinationes-places/main/blue%20flag%20light.png"
"Montserrat",41.5933378,1.8376246,"Montserrat is home to the revered Black Madonna and Benedictine monastery, drawing pilgrims to its sacred mountain sanctuary for centuries of spiritual devotion.","","https://raw.githubusercontent.com/mmm777/destinationes-places/main/blue%20flag%20light.png"
"Canterbury",51.2782957,1.0830874,"Canterbury is home to St Thomas of Canterbury Church, housing the shrine and relics of St Thomas Becket, making it England's premier Catholic pilgrimage destination.","","https://raw.githubusercontent.com/mmm777/destinationes-places/main/blue%20flag%20light.png"
"Brielle",51.9014398,4.164139599999999,"Brielle is a national Catholic pilgrimage site commemorating the 1572 martyrdom of 19 priests and monks, now venerated as the Martyrs of Gorcum who were canonized in 1867.","","https://raw.githubusercontent.com/mmm777/destinationes-places/main/blue%20flag%20light.png"
"Valladolid",41.6526595,-4.7234255,"Valladolid's magnificent Cathedral serves as the spiritual heart of this historic Spanish city, housing sacred art and architectural treasures.","","https://raw.githubusercontent.com/mmm777/destinationes-places/main/blue%20flag%20light.png"
"Koekelberg",50.8672216,4.3169473,"The National Basilica of the Sacred Heart in Koekelberg is Belgium's premier Catholic pilgrimage destination, dedicated to the Sacred Heart of Jesus as a national sanctuary.","","https://raw.githubusercontent.com/mmm777/destinationes-places/main/blue%20flag%20light.png"
"Cologne",50.9412784,6.9582814,"Cologne Cathedral houses the Shrine of the Three Kings, making it one of Northern Europe's most important Catholic pilgrimage sites.","","https://raw.githubusercontent.com/mmm777/destinationes-places/main/blue%20flag%20light.png"
"Assisi",43.0749709,12.6054003,"Assisi is the birthplace of St. Francis and St. Clare, making it one of Catholicism's most significant pilgrimage destinations with profound spiritual heritage.","","https://raw.githubusercontent.com/mmm777/destinationes-places/main/blue%20flag%20light.png"
"Drogheda",53.715042,-6.3523952,"Drogheda is home to St Peter's Church, which houses the shrine of St Oliver Plunkett, Ireland's last martyred archbishop, making it a significant Catholic pilgrimage destination.","","https://raw.githubusercontent.com/mmm777/destinationes-places/main/blue%20flag%20light.png"
"Cardigan",52.0873008,-4.6527156,"Cardigan is home to Wales' National Catholic Shrine, Our Lady of the Taper, a revered Marian pilgrimage site with medieval origins.","","https://raw.githubusercontent.com/mmm777/destinationes-places/main/blue%20flag%20light.png"
"Shkodër",42.0654758,19.5199488,"Shkodër is the historic center of Catholicism in Albania, home to the country's most important Catholic shrines and a pilgrimage destination for Albanian Catholics.","","https://raw.githubusercontent.com/mmm777/destinationes-places/main/blue%20flag%20light.png"
"Karlovac",45.4953595,15.5317102,"Karlovac is home to the National Shrine of Saint Joseph, Croatia's premier Catholic pilgrimage destination dedicated to the nation's patron saint.","","https://raw.githubusercontent.com/mmm777/destinationes-places/main/blue%20flag%20light.png"
"Niepokalanów",52.2037048,20.4204504,"Niepokalanów is a major Catholic pilgrimage center founded by St. Maximilian Kolbe, known as the City of the Immaculate Mother of God.","","https://raw.githubusercontent.com/mmm777/destinationes-places/main/blue%20flag%20light.png"
"Trzebnica",51.3094177,17.0666743,"Trzebnica hosts the Sanctuary of Saint Jadwiga, a major Catholic pilgrimage site housing the tomb of Saint Hedwig of Silesia, drawing pilgrims since the 14th century.","","https://raw.githubusercontent.com/mmm777/destinationes-places/main/blue%20flag%20light.png"
"Plovdiv",42.144416,24.752606,"Plovdiv is home to the magnificent Cathedral of St. Louis, the largest Catholic church in Bulgaria and a significant pilgrimage destination.","","https://raw.githubusercontent.com/mmm777/destinationes-places/main/blue%20flag%20light.png"
"Zakopane",49.2849573,19.923007,"Zakopane serves as a spiritual gateway to the Tatra Mountains, featuring the National Shrine of Our Lady of Fatima, built as a votive offering after the 1981 assassination attempt on Pope John Paul II.","","https://raw.githubusercontent.com/mmm777/destinationes-places/main/blue%20flag%20light.png"
"Budslaw",54.7868076,27.4515082,"Budslaw is home to the miraculous Our Lady of Budslau icon, Belarus's national Catholic sanctuary attracting tens of thousands of pilgrims annually.","","https://raw.githubusercontent.com/mmm777/destinationes-places/main/blue%20flag%20light.png"
"Matraverebély-Szentkut",48.000051,19.761423,"Hungary's national Catholic shrine since the 12th century, Matraverebély-Szentkút draws pilgrims to its miraculous spring and Basilica of Our Lady of the Assumption.","","https://raw.githubusercontent.com/mmm777/destinationes-places/main/blue%20flag%20light.png"
"Šibenik",43.7356734,15.8891259,"Šibenik offers pilgrims the magnificent Cathedral of St. James, a UNESCO World Heritage site, and the national shrine dedicated to Croatia's first saint, Nikola Tavelić.","","https://raw.githubusercontent.com/mmm777/destinationes-places/main/blue%20flag%20light.png"
"Góra Świętej Anny",50.4561167,18.168821,"Góra Świętej Anny is a significant Catholic pilgrimage destination featuring a miraculous statue of St. Anne and an impressive calvary with Franciscan monastery.","","https://raw.githubusercontent.com/mmm777/destinationes-places/main/blue%20flag%20light.png"
"Marija Bistrica",46.0045194,16.1195076,"Marija Bistrica is Croatia's largest Marian pilgrimage site, home to the miraculous Black Madonna statue and national shrine.","","https://raw.githubusercontent.com/mmm777/destinationes-places/main/blue%20flag%20light.png"
"Praha","","","","","https://raw.githubusercontent.com/mmm777/destinationes-places/main/blue%20flag%20light.png"
"Brezje",46.3289802,14.2327054,"Brezje is Slovenia's national Marian shrine, home to the Basilica of Mary Help of Christians where pilgrims venerate a miraculous icon since 1865.","","https://raw.githubusercontent.com/mmm777/destinationes-places/main/blue%20flag%20light.png"
"Montréal",45.4921354,-73.6191235,"Montréal is a prominent Catholic pilgrimage destination, home to the ornate Notre-Dame Basilica—famous for its Gothic Revival architecture and intricate interior—and Saint Joseph's Oratory of Mount Royal, the world's largest shrine dedicated to Saint Joseph, attracting millions of visitors annually.","","https://raw.githubusercontent.com/mmm777/destinationes-places/main/blue%20flag%20light.png"
"Cap-de-la-Madeleine",46.3688393,-72.4977046,"Home to Our Lady of the Cape Shrine, Cap-de-la-Madeleine is Canada's national Marian shrine with miraculous origins dating to 1888.","","https://raw.githubusercontent.com/mmm777/destinationes-places/main/blue%20flag%20light.png"
"Kahnawake",45.4156478,-73.6766844,"Kahnawake is home to the National Shrine of Saint Kateri Tekakwitha, the first Native American saint, whose tomb draws Catholic pilgrims seeking her intercession.","","https://raw.githubusercontent.com/mmm777/destinationes-places/main/blue%20flag%20light.png"
"Lac-Bouchette",48.2719444,-72.1919444,"Ermitage Saint-Antoine is a major Catholic pilgrimage site in Quebec, founded in 1907 and known for its miraculous healings and spiritual significance.","","https://raw.githubusercontent.com/mmm777/destinationes-places/main/blue%20flag%20light.png"
"Wakaw",52.6499268,-105.7421209,"St. Theresa Parish, the National Shrine of the Little Flower in Wakaw, Saskatchewan, offers pilgrims a sacred destination for spiritual renewal and devotion.","","https://raw.githubusercontent.com/mmm777/destinationes-places/main/blue%20flag%20light.png"
"Winnipeg",49.9343714,-97.12221579999999,"Winnipeg serves as a significant Catholic pilgrimage destination, home to Canada's second martyr's shrine at St. Joseph's Ukrainian Catholic Church, where the holy relics of Blessed Bishop Vasyl Velychkovsky are enshrined.","","https://raw.githubusercontent.com/mmm777/destinationes-places/main/blue%20flag%20light.png"
"Berdychiv",49.8971044,28.5744201,"Berdychiv is Ukraine's premier Catholic pilgrimage destination, home to the miraculous Our Lady of Berdychiv icon crowned by Pope Benedict XIV in 1756.","","https://raw.githubusercontent.com/mmm777/destinationes-places/main/blue%20flag%20light.png"
"Toronto",43.6549217,-79.3774486,"Toronto offers Catholic pilgrims sacred spaces including St. Michael's Cathedral Basilica and significant shrines honoring Canada's martyrs and Marian devotion.","","https://raw.githubusercontent.com/mmm777/destinationes-places/main/blue%20flag%20light.png"
"Ottawa",45.4300288,-75.6958373,"Ottawa offers Catholic pilgrims the magnificent Notre-Dame Cathedral Basilica, a National Historic Site and spiritual heart of Canada's capital since 1847.","","https://raw.githubusercontent.com/mmm777/destinationes-places/main/blue%20flag%20light.png"
"Midland",44.7366816,-79.8421388,"Midland's Martyrs' Shrine is a national Catholic pilgrimage site honoring eight Jesuit saints martyred over 350 years ago while bringing Christianity to Canada.","","https://raw.githubusercontent.com/mmm777/destinationes-places/main/blue%20flag%20light.png"
"Sainte-Anne-de-Beaupré",47.02387539999999,-70.9287627,"Sainte-Anne-de-Beaupré is North America's oldest Catholic pilgrimage site, drawing over half-million pilgrims annually to venerate St. Anne, grandmother of Jesus.","","https://raw.githubusercontent.com/mmm777/destinationes-places/main/blue%20flag%20light.png"
"Šaštín-Stráže",48.6391982,17.1430355,"Šaštín-Stráže hosts Slovakia's most important Marian shrine, the Basilica of Our Lady of Seven Sorrows, patron saint of Slovakia.","","https://raw.githubusercontent.com/mmm777/destinationes-places/main/blue%20flag%20light.png"
"Pietralcina",41.1967979,14.8501739,"Pietrelcina is the sacred birthplace of Saint Padre Pio, where this beloved 20th-century saint was baptized and spent his formative years, drawing pilgrims seeking spiritual connection.","","https://raw.githubusercontent.com/mmm777/destinationes-places/main/blue%20flag%20light.png"
"Gostyń",51.8855335,17.0352186,"Gostyń is home to the Basilica of Święta Góra, the main Marian sanctuary of the Poznań archdiocese and a masterpiece of Pompeo Ferrari.","","https://raw.githubusercontent.com/mmm777/destinationes-places/main/blue%20flag%20light.png"
"Steingaden",47.6805433,10.9001235,"Steingaden is home to the famous Pilgrimage Church of Wies, built after a miraculous weeping statue was discovered in 1738, attracting Catholic pilgrims seeking the Scourged Saviour's intercession.","","https://raw.githubusercontent.com/mmm777/destinationes-places/main/blue%20flag%20light.png"
"Walldürn",49.5843588,9.3664233,"Walldürn hosts Germany's largest Eucharistic pilgrimage, centered on the famous 1330 blood miracle where Christ appeared on the consecrated host during Mass.","","https://raw.githubusercontent.com/mmm777/destinationes-places/main/blue%20flag%20light.png"
"Durham",54.7732329,-1.5763921,"Durham Cathedral houses the Shrine of St Cuthbert, making it a major pilgrimage destination for Catholics seeking spiritual healing.","","https://raw.githubusercontent.com/mmm777/destinationes-places/main/blue%20flag%20light.png"
"Studzianna",51.53084459999999,20.3673146,"Studzianna is home to a renowned Marian sanctuary with the Basilica of St. Philip Neri and St. John the Baptist, attracting Catholic pilgrims for centuries.","","https://raw.githubusercontent.com/mmm777/destinationes-places/main/blue%20flag%20light.png"
"Kalwaria Zebrzydowska",49.8602129,19.67158,"Kalwaria Zebrzydowska is a remarkable 17th-century Calvary sanctuary known as the 'Polish Jerusalem,' where over a million pilgrims annually pray along its Passion and Marian devotional paths.","","https://raw.githubusercontent.com/mmm777/destinationes-places/main/blue%20flag%20light.png"
"Saint-Gilles",43.676773,4.4322319,"Saint-Gilles was once the fourth most important pilgrimage destination in Christendom, where the relics of Saint Gilles attracted countless pilgrims seeking miracles and blessings.","","https://raw.githubusercontent.com/mmm777/destinationes-places/main/blue%20flag%20light.png"
"Marseille",43.2840325,5.3712573,"Marseille is a major Catholic pilgrimage destination centered around the iconic Notre-Dame de la Garde basilica, known for its Assumption Day pilgrimages and Marian devotion.","","https://raw.githubusercontent.com/mmm777/destinationes-places/main/blue%20flag%20light.png"
"Saint-Maximin-la-Sainte-Baume",43.4526151,5.8637662,"Home to the relics of Saint Mary Magdalene, this major pilgrimage site features a Gothic basilica where pilgrims venerate the remains of the Apostle to the Apostles.","","https://raw.githubusercontent.com/mmm777/destinationes-places/main/blue%20flag%20light.png"
"Burgos",42.340864,-3.7044495,"Burgos Cathedral, a UNESCO World Heritage site, stands as a vital pilgrimage stop on the Camino de Santiago, housing the tomb of El Cid and offering profound spiritual significance for Catholic pilgrims seeking history and divine beauty.","","https://raw.githubusercontent.com/mmm777/destinationes-places/main/blue%20flag%20light.png"
"Vadstena",58.4507577,14.8915135,"Vadstena is home to the medieval Vadstena Abbey, founded by Saint Bridget of Sweden in the 14th century, making it a significant Catholic pilgrimage site.","","https://raw.githubusercontent.com/mmm777/destinationes-places/main/blue%20flag%20light.png"
"Avignon",43.9516103,4.8074811,"Avignon served as the seat of seven Popes from 1309-1378, making it a pivotal center of Catholic Church history. The city's magnificent Palace of the Popes and cathedral continue to attract faithful pilgrims seeking connection to this papal legacy.","","https://raw.githubusercontent.com/mmm777/destinationes-places/main/blue%20flag%20light.png"
"Orvieto",42.7170784,12.1133109,"Orvieto is famed for the Eucharistic Miracle of Bolsena, with relics preserved in its magnificent Gothic cathedral, drawing pilgrims worldwide.","","https://raw.githubusercontent.com/mmm777/destinationes-places/main/blue%20flag%20light.png"
"Kalwaria Pacławska",49.6313761,22.7074214,"Kalwaria Pacławska is a historic Catholic pilgrimage center known as the 'Jerusalem of the East,' featuring miraculous Marian devotions.","","https://raw.githubusercontent.com/mmm777/destinationes-places/main/blue%20flag%20light.png"
"Caravaca de la Cruz",38.1076948,-1.858685,"Caravaca de la Cruz is one of only five Holy Cities in the Catholic world, home to the miraculous Vera Cross relic and pilgrimage destination.","","https://raw.githubusercontent.com/mmm777/destinationes-places/main/blue%20flag%20light.png"
"Toledo",39.8571004,-4.0235688,"Toledo stands as the historic heart of Spanish Catholicism, home to the magnificent Primatial Cathedral and serving as a center of Christian art and pilgrimage since the Reconquista.","","https://raw.githubusercontent.com/mmm777/destinationes-places/main/blue%20flag%20light.png"
"Licheń Stary",52.3233124,18.3578532,"Licheń Stary is Poland's largest Marian pilgrimage site, home to the magnificent Basilica of Our Lady of Licheń and the revered icon of Our Lady of Sorrows.","","https://raw.githubusercontent.com/mmm777/destinationes-places/main/blue%20flag%20light.png"
"Plan-d'Aups-Sainte-Baume",43.3269,5.7644,"Plan-d'Aups-Sainte-Baume is home to the ancient grotto where Mary Magdalene lived as a hermit, making it one of Christianity's oldest pilgrimage sites.","","https://raw.githubusercontent.com/mmm777/destinationes-places/main/blue%20flag%20light.png"
"Aachen",50.7747198,6.083920099999999,"Aachen Cathedral houses four great relics and hosts the Heiligtumsfahrt pilgrimage every seven years since 1349, attracting faithful to venerate treasures collected by Charlemagne.","","https://raw.githubusercontent.com/mmm777/destinationes-places/main/blue%20flag%20light.png"
"Studzieniczna",53.8590983,23.0939591,"Studzieniczna is a renowned Marian pilgrimage site famous for its miraculous image of Our Lady and healing spring waters, visited by Pope John Paul II in 1999.","","https://raw.githubusercontent.com/mmm777/destinationes-places/main/blue%20flag%20light.png"
"Naples",40.8525429,14.2593205,"Naples Cathedral houses the miraculous blood of Saint Januarius and serves as the spiritual heart of Neapolitan Catholic devotion.","","https://raw.githubusercontent.com/mmm777/destinationes-places/main/blue%20flag%20light.png"
"Žemaičių Kalvarija",56.1097585,22.0114951,"Žemaičių Kalvarija is Lithuania's most important Catholic pilgrimage site, featuring the first Calvary in the Grand Duchy with its miraculous Holy Cross relic.","","https://raw.githubusercontent.com/mmm777/destinationes-places/main/blue%20flag%20light.png"
"Tronheim",63.4269097,10.3969375,"Trondheim houses Nidaros Cathedral, built over St. Olav's tomb, making it Norway's most important Catholic pilgrimage destination and northern Europe's premier medieval shrine.","","https://raw.githubusercontent.com/mmm777/destinationes-places/main/blue%20flag%20light.png"
"Santo Toribio de Liébana",43.15020320000001,-4.6539393,"Santo Toribio de Liébana monastery houses the largest known relic of the True Cross, making it one of Catholicism's five holy sites with perpetual indulgences.","","https://raw.githubusercontent.com/mmm777/destinationes-places/main/blue%20flag%20light.png"
"Godów",49.9117015,18.500623,"Godów is home to the historic wooden St. Anne's Church, a significant Catholic pilgrimage site in Silesia featuring religious art and sacred relics.","","https://raw.githubusercontent.com/mmm777/destinationes-places/main/blue%20flag%20light.png"
"Lindisfarne",55.6692334,-1.8020177,"Lindisfarne, also known as Holy Island, is a sacred pilgrimage site where St. Aidan founded the first Celtic Christian monastery in 635 AD.","","https://raw.githubusercontent.com/mmm777/destinationes-places/main/blue%20flag%20light.png"
"St Andrews",56.3394924,-2.7884731,"St Andrews holds profound Catholic significance as Scotland's premier pilgrimage destination where Saint Andrew's relics drew medieval pilgrims.","","https://raw.githubusercontent.com/mmm777/destinationes-places/main/blue%20flag%20light.png"
"Lubaczów",50.1568684,23.1244317,"Lubaczów is a significant Catholic pilgrimage destination in southeastern Poland, known for its Sanctuary of Our Lady of Graces and the nearby Sanctuary of Our Lady of Łukawiec.","","https://raw.githubusercontent.com/mmm777/destinationes-places/main/blue%20flag%20light.png"
"Viru-Nigula",59.4445642,26.7017262,"Viru-Nigula is Estonia's oldest Marian sanctuary, housing the ruins of 13th-century St. Mary's Chapel and hosting annual Catholic pilgrimages.","","https://raw.githubusercontent.com/mmm777/destinationes-places/main/blue%20flag%20light.png"
"Whithorn",54.7337383,-4.4175087,"Whithorn is Scotland's earliest Christian pilgrimage site, home to St Ninian's shrine and Candida Casa, drawing pilgrims for over 1,600 years to seek healing and spiritual renewal.","","https://raw.githubusercontent.com/mmm777/destinationes-places/main/blue%20flag%20light.png"
"Glasgow",55.8630024,-4.2345823,"Glasgow offers profound Catholic heritage with its medieval cathedral housing St Mungo's shrine, drawing pilgrims for centuries to Scotland's spiritual heart.","","https://raw.githubusercontent.com/mmm777/destinationes-places/main/blue%20flag%20light.png"
"Taizé",46.5157002,4.6779804,"Taizé is one of the world's most important Christian pilgrimage sites, attracting over 100,000 young people annually for prayer and reconciliation.","","https://raw.githubusercontent.com/mmm777/destinationes-places/main/blue%20flag%20light.png"
"Dukla",49.5594974,21.6821031,"Dukla is a significant Catholic pilgrimage site honoring St. John of Dukla, a 15th-century Franciscan saint canonized by Pope John Paul II in 1997.","","https://raw.githubusercontent.com/mmm777/destinationes-places/main/blue%20flag%20light.png"
"Wadowice",49.8835679,19.4937889,"Wadowice is the birthplace of Saint John Paul II, where pilgrims visit the basilica of his baptism and family home to honor the beloved pontiff's spiritual origins.","","https://raw.githubusercontent.com/mmm777/destinationes-places/main/blue%20flag%20light.png"
"Penrhys ",51.6414181,-3.4433783,"Penrhys is an ancient Catholic pilgrimage site high in the Rhondda Valley, famous for its miraculous statue of Our Lady and holy well dating to medieval times.","","https://raw.githubusercontent.com/mmm777/destinationes-places/main/blue%20flag%20light.png"
"Avila",40.65549499999999,-4.7027556,"Ávila is the birthplace of St. Teresa of Ávila, renowned Doctor of the Church, and home to her relics and numerous sites associated with her mystical life.","","https://raw.githubusercontent.com/mmm777/destinationes-places/main/blue%20flag%20light.png"
"Hill of the Crosses (Kryžių kalnas)",56.01533569999999,23.4163579,"The Hill of Crosses is Lithuania's national pilgrimage center, where over 100,000 crosses testify to Catholic faith and peaceful resistance.","","https://raw.githubusercontent.com/mmm777/destinationes-places/main/blue%20flag%20light.png"
"Turin",45.0733813,7.6852268,"Turin is renowned as the guardian of the Holy Shroud, believed to be Christ's burial cloth, drawing Catholic pilgrims worldwide to venerate this sacred relic.","","https://raw.githubusercontent.com/mmm777/destinationes-places/main/blue%20flag%20light.png"
"Kirkkokari (Saint Henry's Island)",61.1166667,22.3333333,"Kirkkokari (Saint Henry's Island) is Finland's only Catholic pilgrimage site, marking the martyrdom of Bishop Henry in 1156. Medieval chapel foundations and modern altars commemorate this sacred place.","","https://raw.githubusercontent.com/mmm777/destinationes-places/main/blue%20flag%20light.png"
"Monte Sant'Angelo",41.7080134,15.9547699,"Monte Sant'Angelo hosts the oldest shrine in Western Europe dedicated to Archangel Michael, where tradition holds the celestial being consecrated the sanctuary himself.","","https://raw.githubusercontent.com/mmm777/destinationes-places/main/blue%20flag%20light.png"
"Kildare",53.1578539,-6.9113453,"Kildare is home to St. Brigid's Cathedral, built on the site of Ireland's famous 5th-century monastery founded by St. Brigid, patroness of Ireland.","","https://raw.githubusercontent.com/mmm777/destinationes-places/main/blue%20flag%20light.png"
"San Giovanni Rotondo",41.7070824,15.7029987,"San Giovanni Rotondo is home to Saint Padre Pio's shrine, drawing millions to venerate this beloved stigmatic priest and experience his spiritual legacy.","","https://raw.githubusercontent.com/mmm777/destinationes-places/main/blue%20flag%20light.png"
"Krasnobród",50.5396214,23.2284018,"Krasnobród is home to the historic Shrine of Our Lady of the Visitation, a baroque sanctuary founded by Queen Marie Casimire Sobieska and a significant Catholic pilgrimage destination in southeastern Poland.","","https://raw.githubusercontent.com/mmm777/destinationes-places/main/blue%20flag%20light.png"
"Loyola",43.1744919,-2.2823503,"Loyola is the birthplace of St. Ignatius of Loyola, founder of the Jesuit Order. The magnificent Baroque sanctuary surrounds his holy birthplace.","","https://raw.githubusercontent.com/mmm777/destinationes-places/main/blue%20flag%20light.png"
"Bari",41.13031369999999,16.8701375,"Bari is home to the Basilica of Saint Nicholas, housing the relics of Saint Nicholas, making it one of Europe's most important Catholic pilgrimage destinations.","","https://raw.githubusercontent.com/mmm777/destinationes-places/main/blue%20flag%20light.png"
"Kodeń",51.9138548,23.607468,"Kodeń is a renowned Catholic pilgrimage site home to the miraculous icon of Our Lady of Kodeń, drawing faithful seeking Marian intercession.","","https://raw.githubusercontent.com/mmm777/destinationes-places/main/blue%20flag%20light.png"
"Lębork",54.5448501,17.7508984,"Lębork's Sanctuary of St. Jacob the Apostle has been a medieval pilgrimage center on the route to Santiago de Compostella, featuring a 14th-century Gothic church with sacred relics.","","https://raw.githubusercontent.com/mmm777/destinationes-places/main/blue%20flag%20light.png"
"Caceres",39.45234809999999,-5.3273457,"Cáceres is home to the Royal Monastery of Santa María de Guadalupe, a UNESCO World Heritage site and one of Spain's most important Catholic pilgrimage destinations, housing the revered image of Our Lady of Guadalupe, Patron Saint of Extremadura.","","https://raw.githubusercontent.com/mmm777/destinationes-places/main/blue%20flag%20light.png"
"Nevers",46.9917,3.1525,"Nevers is a significant Catholic pilgrimage site housing the incorrupt body of Saint Bernadette Soubirous, visionary of Lourdes.","","https://raw.githubusercontent.com/mmm777/destinationes-places/main/blue%20flag%20light.png"
"Gniezno",52.5367048,17.5928042,"Gniezno, the cradle of Polish Christianity, hosts the shrine of St. Adalbert and served as the coronation site for Polish kings.","","https://raw.githubusercontent.com/mmm777/destinationes-places/main/blue%20flag%20light.png"
"Iona",56.3348978,-6.3918449,"Iona Abbey, founded by St. Columba in 563 AD, stands as one of Scotland's most sacred pilgrimage sites where Celtic Christianity flourished.","","https://raw.githubusercontent.com/mmm777/destinationes-places/main/blue%20flag%20light.png"
"Tuchów",49.9010742,21.0598304,"Tuchów is home to a renowned Marian sanctuary with a miraculous 16th-century icon, drawing pilgrims for its spiritual significance.","","https://raw.githubusercontent.com/mmm777/destinationes-places/main/blue%20flag%20light.png"
"Wambierzyce",50.4902002,16.4548254,"Wambierzyce is known as 'Silesian Jerusalem' and features a miraculous Marian shrine with centuries of pilgrimage tradition.","","https://raw.githubusercontent.com/mmm777/destinationes-places/main/blue%20flag%20light.png"
"Lyon",45.7623343,4.821982999999999,"Lyon serves as a significant Catholic pilgrimage destination, home to the historic Basilica of Notre-Dame de Fourvière, a popular Marian shrine since 1170 that attracts pilgrims seeking spiritual reflection.","","https://raw.githubusercontent.com/mmm777/destinationes-places/main/blue%20flag%20light.png"
"Tours",47.3928833,0.6828131,"Tours houses the tomb of St. Martin of Tours, the 4th-century bishop renowned as the 'Apostle of Gaul,' making it a major pilgrimage site since the Middle Ages.","","https://raw.githubusercontent.com/mmm777/destinationes-places/main/blue%20flag%20light.png"
"Piekary Śląskie",50.3838117,18.9444366,"Piekary Śląskie is one of Poland's most important Marian shrines, drawing thousands of pilgrims annually to the miraculous image of Our Lady of Justice and Social Love (Matka Sprawiedliwości i Miłości Społeczne).","","https://raw.githubusercontent.com/mmm777/destinationes-places/main/blue%20flag%20light.png"
"Seville",37.3858247,-5.9931068,"Seville's magnificent Cathedral houses the tomb of Saint Ferdinand III and draws pilgrims during Holy Week processions.","","https://raw.githubusercontent.com/mmm777/destinationes-places/main/blue%20flag%20light.png"
"Montecassino",41.4912295,13.8145781,"Montecassino Abbey, founded by St. Benedict in 529, is the birthplace of Western monasticism and houses the tombs of St. Benedict and St. Scholastica.","","https://raw.githubusercontent.com/mmm777/destinationes-places/main/blue%20flag%20light.png"
"Kevelaer",51.5844672,6.2445232,"Kevelaer is Germany's largest Catholic pilgrimage destination, where Our Lady of Consolation has been venerated since 1641 following miraculous apparitions and healings.","","https://raw.githubusercontent.com/mmm777/destinationes-places/main/blue%20flag%20light.png"
"Cascia",42.7187901,13.0125592,"Cascia is a renowned Catholic pilgrimage site in Umbria, home to Saint Rita and housing the miraculous Eucharistic Miracle, drawing the faithful worldwide.","","https://raw.githubusercontent.com/mmm777/destinationes-places/main/blue%20flag%20light.png"
"Trakai",54.64276169999999,24.9341206,"Trakai hosts the miraculous Trakai Mother of God icon, crowned by Pope Clement XI in 1718, drawing pilgrims since the 17th century to its renowned basilica.","","https://raw.githubusercontent.com/mmm777/destinationes-places/main/blue%20flag%20light.png"
"Bamberg",49.8908017,10.8824646,"Bamberg is a significant Catholic pilgrimage destination housing the tomb of Emperor Henry II and Pope Clement II in its magnificent cathedral.","","https://raw.githubusercontent.com/mmm777/destinationes-places/main/blue%20flag%20light.png"
"Gidle",50.96552430000001,19.470226,"Gidle houses a renowned Dominican monastery with the miraculous figure of Our Lady, drawing Catholic pilgrims from across Poland seeking Marian devotion.","","https://raw.githubusercontent.com/mmm777/destinationes-places/main/blue%20flag%20light.png"
"Kałków",50.96360199999999,21.1733093,"Kałków is home to the Sanctuary of Our Lady of Sorrows, Queen of Poland, a major Marian pilgrimage site with miraculous icon and religious complex.","","https://raw.githubusercontent.com/mmm777/destinationes-places/main/blue%20flag%20light.png"
"Manresa",41.7211856,1.8315823,"Manresa is a pivotal Catholic pilgrimage site where St. Ignatius of Loyola spent 11 months in 1522, developing his Spiritual Exercises in the sacred cave.","","https://raw.githubusercontent.com/mmm777/destinationes-places/main/blue%20flag%20light.png"
"Manoppello",42.2501,14.0624,"Manoppello is home to the Holy Face of Jesus, believed to be Veronica's Veil, drawing pilgrims to witness this miraculous image of Christ.","","https://raw.githubusercontent.com/mmm777/destinationes-places/main/blue%20flag%20light.png"
"Downpatrick",54.325279,-5.71296,"Downpatrick is revered as the burial place of Ireland's patron saint St Patrick, making it a significant Catholic pilgrimage destination in Northern Ireland.","","https://raw.githubusercontent.com/mmm777/destinationes-places/main/blue%20flag%20light.png"
"Lanciano",42.2304195,14.3900591,"Lanciano hosts the first recorded Eucharistic miracle in Catholic history, where host transformed to flesh and wine to blood in the 8th century.","","https://raw.githubusercontent.com/mmm777/destinationes-places/main/blue%20flag%20light.png"
"Aylesford",51.303429,0.471229,"Aylesford Priory, dating from 1242, is the oldest Carmelite foundation in England where St. Simon Stock received the Brown Scapular from Our Lady.","","https://raw.githubusercontent.com/mmm777/destinationes-places/main/blue%20flag%20light.png"
"St. David's",51.8819799,-5.2683444,"St. Davids Cathedral, housing the shrine of Wales' patron saint, was granted papal privilege making two pilgrimages equal to one to Rome in the 12th century.","","https://raw.githubusercontent.com/mmm777/destinationes-places/main/blue%20flag%20light.png"
"Bardo",50.505684,16.740324,"Bardo houses the miraculous 13th-century Madonna statue and Baroque pilgrimage church visited by Pope John Paul II, making it a significant Marian pilgrimage destination in Poland.","","https://raw.githubusercontent.com/mmm777/destinationes-places/main/blue%20flag%20light.png"
"Marianka",48.24802039999999,17.064569,"Marianka is Slovakia's oldest pilgrimage site, housing the miraculous statue of Virgin Mary and drawing faithful since medieval times.","","https://raw.githubusercontent.com/mmm777/destinationes-places/main/blue%20flag%20light.png"
"Święta Lipka",54.0246858,21.217932,"Święta Lipka is Poland's oldest Marian sanctuary, renowned for its miraculous Virgin Mary statue and stunning Baroque basilica, drawing Catholic pilgrims for centuries.","","https://raw.githubusercontent.com/mmm777/destinationes-places/main/blue%20flag%20light.png"
"Siena",43.320037,11.3288405,"Siena is home to St. Catherine of Siena, a Doctor of the Church, and contains her birthplace sanctuary and relics, making it a significant Catholic pilgrimage destination.","","https://raw.githubusercontent.com/mmm777/destinationes-places/main/blue%20flag%20light.png"
"Oropa",45.6260244,7.9824193,"The Sanctuary of Oropa is one of the oldest Marian shrines in the world, founded by Saint Eusebius around 371 AD in the Italian Alps.","","https://raw.githubusercontent.com/mmm777/destinationes-places/main/blue%20flag%20light.png"
"Nitra",48.3182964,18.0870789,"Nitra, Slovakia's oldest Christian center, houses St. Emmeram's Cathedral, dating to the 11th century. This historic pilgrimage destination offers deep spiritual significance as the seat of Slovakia's first Catholic diocese.","","https://raw.githubusercontent.com/mmm777/destinationes-places/main/blue%20flag%20light.png"
"Pontevedra",42.4308,-8.6436,"Pontevedra offers pilgrims two significant Marian sanctuaries along the Portuguese Camino route, hosting the Virgin of the Pilgrim and Fatima apparitions.","","https://raw.githubusercontent.com/mmm777/destinationes-places/main/blue%20flag%20light.png"
"Conques",44.5992546,2.3977344,"Conques is a major medieval pilgrimage destination on the Camino de Santiago, home to the magnificent Abbey Church of Sainte-Foy with its famous reliquary and Romanesque treasures.","","https://raw.githubusercontent.com/mmm777/destinationes-places/main/blue%20flag%20light.png"
"Bardsey Island (Ynys Enlli)",52.7642729,-4.7875708,"Bardsey Island, known as the 'Island of 20,000 Saints', has been a sacred Catholic pilgrimage destination since medieval times. Three pilgrimages here were considered equal to one to Rome.","","https://raw.githubusercontent.com/mmm777/destinationes-places/main/blue%20flag%20light.png"
"Lough Derg",54.6091701,-7.871807899999999,"Lough Derg is one of Ireland's most ancient pilgrimage sites, dating back to the 5th century, where St. Patrick established a place of prayer and spiritual renewal that continues to draw faithful seeking deeper connection with God.","","https://raw.githubusercontent.com/mmm777/destinationes-places/main/blue%20flag%20light.png"
"Canneto",41.8541154,14.6016941,"Canneto is home to the Sanctuary of Santa Maria del Canneto, a revered Marian pilgrimage site dating to the 12th-13th centuries with annual summer pilgrimages.","","https://raw.githubusercontent.com/mmm777/destinationes-places/main/blue%20flag%20light.png"
"Ludźmierz",49.4650669,19.9831381,"Ludźmierz houses Poland's oldest Marian shrine, featuring the miraculous statue of Our Lady of Ludźmierz, Queen of Podhale, venerated since medieval times.","","https://raw.githubusercontent.com/mmm777/destinationes-places/main/blue%20flag%20light.png"
"Trnava",48.3789556,17.5914303,"Trnava, known as the Slovak Rome, is a significant Catholic pilgrimage destination centered around the miraculous Merciful Virgin Mary of Trnava.","","https://raw.githubusercontent.com/mmm777/destinationes-places/main/blue%20flag%20light.png"
"Palermo",38.1680417,13.3514483,"Palermo offers Catholic pilgrims a profound spiritual journey centered on the Sanctuary of Santa Rosalia, patron saint who saved the city from plague and remains beloved throughout Sicily.","","https://raw.githubusercontent.com/mmm777/destinationes-places/main/blue%20flag%20light.png"
"Tindari",38.1414437,15.0461073,"Tindari is home to the renowned Sanctuary of the Black Madonna, an important Catholic pilgrimage site in northern Sicily dating back to the 11th century.","","https://raw.githubusercontent.com/mmm777/destinationes-places/main/blue%20flag%20light.png"
"Covadonga",43.3089,-5.0537,"Covadonga is a sacred Catholic pilgrimage site where Our Lady helped King Pelayo win the pivotal Battle of Covadonga in 718, marking the beginning of the Spanish Reconquista and making it Spain's most important Marian sanctuary.","","https://raw.githubusercontent.com/mmm777/destinationes-places/main/blue%20flag%20light.png"
"Oviedo",43.3625093,-5.8436718,"Oviedo is a historic Catholic pilgrimage site housing the Holy Sudarium of Christ and serving as the starting point of the original Camino Primitivo route to Santiago.","","https://raw.githubusercontent.com/mmm777/destinationes-places/main/blue%20flag%20light.png"
"Velankanni",10.6802962,79.8501118,"Velankanni is renowned as the 'Lourdes of the East,' drawing millions of Catholic pilgrims to honor Our Lady of Good Health and witness her miraculous apparitions.","www.destinationes.com/pilgrimage-sites/velankanni","https://raw.githubusercontent.com/mmm777/destinationes-places/main/blue%20flag%20light.png"
"Lisbon",38.7099722,-9.1338289,"Lisbon offers rich Catholic heritage as the birthplace of St. Anthony of Padua and gateway to Portugal's spiritual traditions, featuring sacred sites from ancient cathedral to modern sanctuaries.","","https://raw.githubusercontent.com/mmm777/destinationes-places/main/blue%20flag%20light.png"
"Santarem",39.2333631,-8.6819907,"Santarém is home to the famous Eucharistic Miracle of 1247, one of the most important Catholic pilgrimage sites in Portugal.","","https://raw.githubusercontent.com/mmm777/destinationes-places/main/blue%20flag%20light.png"
"La Verna",43.7070496,11.931128,"La Verna is the sacred mountain sanctuary where Saint Francis of Assisi received the stigmata in 1224, making it one of Christianity's most holy pilgrimage sites.","","https://raw.githubusercontent.com/mmm777/destinationes-places/main/blue%20flag%20light.png"
"Santa Maria degli Angeli",43.0578826,12.5801224,"Santa Maria degli Angeli is a major Catholic pilgrimage site housing the sacred Porziuncola chapel where St. Francis founded the Franciscan order.","","https://raw.githubusercontent.com/mmm777/destinationes-places/main/blue%20flag%20light.png"
"Guadalupe",19.4847897,-99.11787419999999,"Our Lady of Guadalupe shrine houses the miraculous tilma image of the Virgin Mary, site of her 1531 apparitions to Juan Diego.","","https://raw.githubusercontent.com/mmm777/destinationes-places/main/blue%20flag%20light.png"
"San Miguel del Milagro",19.2404059,-98.3331941,"Site of 1631 apparition of St. Michael the Archangel, with miraculous healing spring that continues to draw Catholic pilgrims seeking spiritual renewal.","","https://raw.githubusercontent.com/mmm777/destinationes-places/main/blue%20flag%20light.png"
"Cartago",9.8641018,-83.9130522,"Cartago is Costa Rica's most important Catholic pilgrimage site, home to the Basilica of Our Lady of the Angels where La Negrita, the nation's patron saint, is venerated.","","https://raw.githubusercontent.com/mmm777/destinationes-places/main/blue%20flag%20light.png"
"Nazareth",32.7021997,35.2974033,"Nazareth is Jesus' childhood home and the site of the Annunciation, where Gabriel told Mary she would bear the Son of God.","","https://raw.githubusercontent.com/mmm777/destinationes-places/main/blue%20flag%20light.png"
"Corrientes",-27.4694379,-58.8311243,"Corrientes serves as a significant Catholic center in northeastern Argentina, featuring the historic Our Lady of the Rosary Cathedral as its spiritual heart and main pilgrimage destination.","","https://raw.githubusercontent.com/mmm777/destinationes-places/main/blue%20flag%20light.png"
"Jalisco",21.2451933,-102.3341558,"Jalisco stands as one of Mexico's most important Catholic pilgrimage destinations, home to the renowned Basilica of San Juan de los Lagos with over 7 million annual pilgrims.","","https://raw.githubusercontent.com/mmm777/destinationes-places/main/blue%20flag%20light.png"
"Cebu City",10.2941085,123.9021057,"Cebu City holds profound Catholic significance as the birthplace of Christianity in the Philippines, home to the miraculous Santo Niño de Cebú and the country's oldest church.","","https://raw.githubusercontent.com/mmm777/destinationes-places/main/blue%20flag%20light.png"
"Washington, D.C.",38.9333675,-77.0006569,"Washington, D.C. serves as a significant Catholic pilgrimage destination, home to the largest Catholic church in North America and the nation's premier Marian shrine.","","https://raw.githubusercontent.com/mmm777/destinationes-places/main/blue%20flag%20light.png"
"Barcelona",41.4036299,2.1743558,"Barcelona offers Catholic pilgrims extraordinary spiritual heritage with Gaudí's masterpiece Sagrada Família and ancient Gothic churches in Catalonia's historic heart.","","https://raw.githubusercontent.com/mmm777/destinationes-places/main/blue%20flag%20light.png"
"La Vang",16.7067978,107.1955196,"La Vang is Vietnam's national Marian shrine where Our Lady appeared to persecuted Catholics in 1798, becoming the country's most important Catholic pilgrimage destination.","","https://raw.githubusercontent.com/mmm777/destinationes-places/main/blue%20flag%20light.png"
"New York City",40.7586117,-73.9761953,"New York City offers rich Catholic heritage with historic cathedrals and shrines, making it a significant pilgrimage destination for faithful visitors.","","https://raw.githubusercontent.com/mmm777/destinationes-places/main/blue%20flag%20light.png"
"Jerusalem",31.7784813,35.2296002,"Jerusalem stands as the heart of Christian faith, housing the Church of the Holy Sepulchre where Jesus was crucified, buried, and rose from the dead.","","https://raw.githubusercontent.com/mmm777/destinationes-places/main/blue%20flag%20light.png"
"Venice",45.4345606,12.3397124,"Venice offers Catholic pilgrims a unique spiritual journey through St. Mark's Basilica, housing sacred relics of St. Mark the Evangelist and centuries of Christian heritage.","","https://raw.githubusercontent.com/mmm777/destinationes-places/main/blue%20flag.png"
"Naga City",13.6320521,123.1999808,"Naga City, known as the Pilgrim City, is home to one of Asia's largest Marian pilgrimage sites centered on devotion to Our Lady of Peñafrancia.","","https://raw.githubusercontent.com/mmm777/destinationes-places/main/blue%20flag%20light.png"
"Sant'Ambrogio di Torino",45.096365,7.3422282,"Home to the renowned Sacra di San Michele abbey, this medieval pilgrimage site honors Archangel Michael along ancient European routes.","","https://raw.githubusercontent.com/mmm777/destinationes-places/main/blue%20flag%20light.png"
"Aparecida",-22.8505334,-45.23372579999999,"Aparecida is Brazil's most important Marian pilgrimage site, home to the National Shrine of Our Lady Aparecida, the patroness of Brazil, with millions of annual visitors.","","https://raw.githubusercontent.com/mmm777/destinationes-places/main/blue%20flag%20light.png"
"Manila",14.5917422,120.9733921,"Manila stands as a premier Catholic pilgrimage destination in Asia, home to the historic Manila Cathedral and revered Black Nazarene shrine that draw millions of faithful annually.","","https://raw.githubusercontent.com/mmm777/destinationes-places/main/blue%20flag%20light.png"
"Harissa",33.9816726,35.6513353,"Harissa is home to the National Shrine of Our Lady of Lebanon, the premier Catholic pilgrimage site in Lebanon with a famous Marian statue.","","https://raw.githubusercontent.com/mmm777/destinationes-places/main/blue%20flag%20light.png"
"Panormitis",36.5483514,27.8462657,"While primarily an Orthodox site, Panormitis Monastery attracts Catholic pilgrims seeking to honor Archangel Michael, one of Christianity's most revered celestial beings.","","https://raw.githubusercontent.com/mmm777/destinationes-places/main/blue%20flag%20light.png"
"Haifa - Mount Carmel",32.82723530000001,34.9701292,"Mount Carmel in Haifa is sacred to Catholics as the home of Elijah's Cave and the world headquarters of the Carmelite Order, founded by hermits in the 12th century.","","https://raw.githubusercontent.com/mmm777/destinationes-places/main/blue%20flag%20light.png"
"Goa",15.5008429,73.9114097,"Goa is a premier Catholic pilgrimage destination housing the sacred relics of St. Francis Xavier, drawing millions to its historic Portuguese colonial churches.","","https://raw.githubusercontent.com/mmm777/destinationes-places/main/blue%20flag%20light.png"
"Las Lajas",0.8054536,-77.5858583,"Las Lajas Sanctuary is a renowned Catholic pilgrimage site dedicated to Our Lady of Las Lajas, featuring a miraculous Marian image and stunning neo-Gothic architecture.","","https://raw.githubusercontent.com/mmm777/destinationes-places/main/blue%20flag%20light.png"
"Milan",45.4640976,9.1919265,"Milan holds profound Catholic significance as the seat of Saint Ambrose and Charles Borromeo, featuring the magnificent Duomo where Saint Augustine was baptized.","","https://raw.githubusercontent.com/mmm777/destinationes-places/main/blue%20flag%20light.png"
"Los Angeles",34.0574619,-118.2453146,"Los Angeles serves as a major Catholic pilgrimage center with the magnificent Cathedral of Our Lady of the Angels and historic California missions offering spiritual significance.","","https://raw.githubusercontent.com/mmm777/destinationes-places/main/blue%20flag%20light.png"
"Manaoag",16.0439452,120.4884288,"Manaoag is home to the miraculous Our Lady of the Rosary, drawing millions of pilgrims seeking Marian intercession and healing graces.","","https://raw.githubusercontent.com/mmm777/destinationes-places/main/blue%20flag%20light.png"
"Chennai",13.0335957,80.27768940000001,"Chennai holds special significance as the site where St. Thomas the Apostle was martyred and buried, making it one of Christianity's most important pilgrimage destinations in India.","","https://raw.githubusercontent.com/mmm777/destinationes-places/main/blue%20flag%20light.png"
"Annaba",36.881805,7.744749,"Annaba hosts the Basilica of Saint Augustine, North Africa's chief Catholic pilgrimage site honoring the great Doctor of the Church.","","https://raw.githubusercontent.com/mmm777/destinationes-places/main/blue%20flag%20light.png"
"Ramsgate",51.3283418,1.4101637,"Ramsgate hosts the official Shrine of St Augustine of England, commemorating where the Apostle of the English first brought Christianity in 597 AD.","","https://raw.githubusercontent.com/mmm777/destinationes-places/main/blue%20flag%20light.png"
"Salerno",40.6801603,14.760049,"Salerno is home to the revered Cathedral of Saint Matthew, housing the apostle's relics since 954 AD, making it a significant medieval pilgrimage destination in southern Italy.","","https://raw.githubusercontent.com/mmm777/destinationes-places/main/blue%20flag%20light.png"
"Ortona",42.3571323,14.404454,"Ortona houses the relics of St. Thomas the Apostle in its cathedral, making it a major pilgrimage destination for Christians worldwide seeking spiritual connection.","","https://raw.githubusercontent.com/mmm777/destinationes-places/main/blue%20flag%20light.png"
"Trier",49.7563453,6.6431337,"Trier Cathedral houses the Holy Robe of Christ, drawing pilgrims for 500 years to Germany's oldest bishop's church and sanctuary.","","https://raw.githubusercontent.com/mmm777/destinationes-places/main/blue%20flag%20light.png"
"Patras",38.2423991,21.7278516,"Patras holds profound Catholic significance as the final resting place of Saint Andrew the Apostle, whose relics draw Christian pilgrims worldwide to venerate this first-called disciple.","","https://raw.githubusercontent.com/mmm777/destinationes-places/main/blue%20flag%20light.png"
"Amalfi",40.6344504,14.6029926,"Amalfi hosts the magnificent Cathedral of Saint Andrew, housing the apostle's relics and serving as a major Catholic pilgrimage site on Italy's stunning Amalfi Coast.","","https://raw.githubusercontent.com/mmm777/destinationes-places/main/blue%20flag%20light.png"
"Saint Catherine",28.5559484,33.976048,"Saint Catherine's Monastery houses the relics of St. Catherine of Alexandria and marks the biblical Mount Sinai, making it one of Christianity's most ancient pilgrimage sites.","","https://raw.githubusercontent.com/mmm777/destinationes-places/main/blue%20flag%20light.png"
"Benevento",41.1317813,14.7745263,"Benevento is a historic Catholic pilgrimage site in southern Italy, home to the cathedral where Saint Padre Pio was ordained and the ancient Lombard Church of Santa Sophia.","","https://raw.githubusercontent.com/mmm777/destinationes-places/main/blue%20flag%20light.png"
"Pavia",45.1913577,9.1546138,"Pavia houses the tomb of St. Augustine of Hippo in San Pietro in Ciel d'Oro, making it a significant pilgrimage destination for Catholics seeking the Doctor of the Church's intercession.","","https://raw.githubusercontent.com/mmm777/destinationes-places/main/blue%20flag%20light.png"
"Alexandria",31.1947439,29.8944954,"Alexandria holds profound Catholic significance as the historical seat of St. Mark the Evangelist and center of early Christianity, with St. Catherine's Cathedral serving as the main Catholic pilgrimage destination.","","https://raw.githubusercontent.com/mmm777/destinationes-places/main/blue%20flag%20light.png"
"Mercogliano",40.9357016,14.7283161,"Mercogliano is home to the famous Sanctuary of Montevergine, one of Italy's most important Marian shrines and a Benedictine territorial abbey that has drawn pilgrims for centuries.","","https://raw.githubusercontent.com/mmm777/destinationes-places/main/blue%20flag%20light.png"
"Syracuse",37.0747537,15.2855387,"Home to the miraculous Basilica of Our Lady of Tears, Syracuse offers pilgrims a profound encounter with Marian devotion and modern Catholic miracles in historic Sicily.","","https://raw.githubusercontent.com/mmm777/destinationes-places/main/blue%20flag%20light.png"
"Kalisz",51.7634082,18.0932204,"Kalisz hosts Poland's National Shrine of St. Joseph, one of the world's oldest sanctuaries dedicated to Jesus' earthly father, drawing pilgrims seeking St. Joseph's intercession.","","https://raw.githubusercontent.com/mmm777/destinationes-places/main/blue%20flag%20light.png"
"Braga",41.5547347,-8.3770546,"Braga, known as the 'Portuguese Rome,' is home to magnificent sanctuaries and churches that have attracted Catholic pilgrims for centuries.","","https://raw.githubusercontent.com/mmm777/destinationes-places/main/blue%20flag%20light.png"
"Banska Štiavnica",48.4616771,18.9132335,"Banská Štiavnica is home to Slovakia's most important Baroque pilgrimage complex, the Kalvária Calvary with its three churches and 22 chapels.","","https://raw.githubusercontent.com/mmm777/destinationes-places/main/blue%20flag%20light.png"
"Congonhas",-20.5073596,-43.8606338,"Congonhas is renowned for its UNESCO World Heritage Sanctuary of Bom Jesus de Matosinhos, a magnificent 18th-century Baroque church featuring Aleijadinho's celebrated soapstone sculptures depicting the Stations of the Cross.","","https://raw.githubusercontent.com/mmm777/destinationes-places/main/blue%20flag%20light.png"
"Predaia",46.3689663,11.1064674,"Predaia is home to the magnificent Sanctuary of San Romedio, a medieval pilgrimage site clinging to a rocky cliff where Saint Romedius lived as a hermit.","","https://raw.githubusercontent.com/mmm777/destinationes-places/main/blue%20flag%20light.png"
"Oberammergau",47.5962079,11.0659378,"Oberammergau is renowned for its Passion Play performed every decade since 1634, making it a significant Catholic pilgrimage destination in Bavaria.","","https://raw.githubusercontent.com/mmm777/destinationes-places/main/blue%20flag%20light.png"
"L'Aquila",42.3427127,13.404685,"L'Aquila is home to the tomb of Pope Celestine V and hosts the annual Celestinian Forgiveness pilgrimage dating back to 1294.","","https://raw.githubusercontent.com/mmm777/destinationes-places/main/blue%20flag%20light.png"
"Warfhuizen",53.3427819,6.4250318,"Warfhuizen hosts the northernmost Marian shrine in continental Europe, featuring the Sorrowful Mother statue at Our Lady of the Enclosed Garden hermitage.","https://www.destinationes.com/pilgrimage-sites/Warfhuizen","https://raw.githubusercontent.com/mmm777/destinationes-places/main/blue%20flag%20light.png"
"Guardialfiera",41.8016468,14.7934721,"Guardialfiera is a historic Catholic pilgrimage site in Molise, home to the ancient Cathedral of Santa Maria Assunta which houses precious relics of Saint Gaudentius.","","https://raw.githubusercontent.com/mmm777/destinationes-places/main/blue%20flag%20light.png"
"Belleville",38.5612988,-90.0921231,"Belleville hosts the National Shrine of Our Lady of the Snows, a major Catholic pilgrimage destination with beautiful devotional spaces.","","https://raw.githubusercontent.com/mmm777/destinationes-places/main/blue%20flag%20light.png"
"Québec City",46.8139,-71.208,"Québec City is North America's oldest Catholic pilgrimage destination with over 350 years of faith, featuring the renowned Sainte-Anne-de-Beaupré Shrine.","","https://raw.githubusercontent.com/mmm777/destinationes-places/main/blue%20flag%20light.png"
"Guanajuato (Cristo Rey)",21.0117523,-101.3688703,"The Cristo Rey sanctuary on Cerro del Cubilete is one of Mexico's most important Catholic pilgrimage sites, commemorating the Cristero War martyrs.","","https://raw.githubusercontent.com/mmm777/destinationes-places/main/blue%20flag%20light.png"
"San Juan",26.1968756,-98.1551106,"San Juan, Texas is home to the Basilica of Our Lady of San Juan del Valle, a major Catholic pilgrimage site welcoming over one million visitors annually to honor Our Lady of San Juan.","","https://raw.githubusercontent.com/mmm777/destinationes-places/main/blue%20flag%20light.png"
"San Juan de los Lagos",21.2451933,-102.3341558,"San Juan de los Lagos is Mexico's second most important Catholic pilgrimage site, home to the miraculous Virgin of San Juan de los Lagos.","","https://raw.githubusercontent.com/mmm777/destinationes-places/main/blue%20flag%20light.png"
"Zapopan",20.7212971,-103.392227,"Zapopan houses the miraculous Virgin of Zapopan, drawing millions annually to celebrate her October 12th pilgrimage and basilica sanctuary.","","https://raw.githubusercontent.com/mmm777/destinationes-places/main/blue%20flag%20light.png"
"Fonda",42.9501141,-74.3927741,"Fonda hosts the National Shrine of Saint Kateri Tekakwitha, America's first Native American saint, drawing pilgrims to this sacred Mohawk Valley site.","","https://raw.githubusercontent.com/mmm777/destinationes-places/main/blue%20flag%20light.png"
"Puebla",19.0428904,-98.1983291,"Puebla houses the magnificent Rosary Chapel, considered the crown jewel of Mexican Baroque architecture, drawing countless Catholic pilgrims annually.","","https://raw.githubusercontent.com/mmm777/destinationes-places/main/blue%20flag%20light.png"
"Philadelphia",39.9698296,-75.1449938,"Philadelphia offers rich Catholic pilgrimage heritage, home to the National Shrine of St. John Neumann, the first American male saint, and numerous sacred sites.","","https://raw.githubusercontent.com/mmm777/destinationes-places/main/blue%20flag%20light.png"
"La Crosse",43.7543354,-91.1799979,"La Crosse hosts the magnificent Shrine of Our Lady of Guadalupe, a premier Catholic pilgrimage destination founded by Cardinal Burke.","","https://raw.githubusercontent.com/mmm777/destinationes-places/main/blue%20flag%20light.png"
"Guadalajara",20.6769688,-103.3469068,"Guadalajara stands as a major Catholic pilgrimage center, home to the magnificent Cathedral of the Assumption of Our Lady and millions of faithful visitors annually.","","https://raw.githubusercontent.com/mmm777/destinationes-places/main/blue%20flag%20light.png"
"Esquipulas",14.5632,-89.3555,"Esquipulas is home to the revered Black Christ of Esquipulas, Central America's most important Catholic pilgrimage destination, drawing millions of faithful annually to venerate the miraculous dark wooden crucifix.","","https://raw.githubusercontent.com/mmm777/destinationes-places/main/blue%20flag%20light.png"
"Champion",44.5906094,-87.773566,"Champion, Wisconsin hosts America's only Church-approved Marian apparition site, where the Blessed Virgin Mary appeared to Adele Brise in 1859.","","https://raw.githubusercontent.com/mmm777/destinationes-places/main/blue%20flag%20light.png"
"San Francisco",37.7988332,-122.4077204,"San Francisco offers unique Catholic pilgrimage opportunities with the historic National Shrine of St. Francis of Assisi, established in 1849 and featuring a replica of Assisi's Porziuncola chapel for spiritual renewal without traveling to Italy.","","https://raw.githubusercontent.com/mmm777/destinationes-places/main/blue%20flag%20light.png"
"Trois-Rivières",46.3688393,-72.4977046,"Home to Canada's national shrine to the Blessed Virgin Mary, Notre-Dame-du-Cap Basilica draws thousands of Catholic pilgrims annually to this sacred Marian site.","","https://raw.githubusercontent.com/mmm777/destinationes-places/main/blue%20flag%20light.png"
"St. Augustine",29.9047221,-81.3152382,"St. Augustine hosts America's oldest Catholic pilgrimage site, the National Shrine of Our Lady of La Leche, offering 450+ years of faith history and spiritual heritage.","","https://raw.githubusercontent.com/mmm777/destinationes-places/main/blue%20flag%20light.png"
"San Juan Capistrano",33.5042352,-117.6634736,"Mission Basilica San Juan Capistrano, founded in 1776, stands as California's oldest church still in use and serves as an official National Shrine for Catholic pilgrims seeking spiritual renewal.","","https://raw.githubusercontent.com/mmm777/destinationes-places/main/blue%20flag%20light.png"
"Auriesville",42.9251757,-74.3021888,"Auriesville is the sacred site where three Jesuit missionaries were martyred in 1642-1646, and the birthplace of St. Kateri Tekakwitha, the 'Lily of the Mohawks'","","https://raw.githubusercontent.com/mmm777/destinationes-places/main/blue%20flag%20light.png"
"Washington, D.C.",38.9333675,-77.0006569,"Washington, D.C. offers America's premier Catholic pilgrimage experience with the magnificent National Shrine of the Immaculate Conception, the largest church in North America.","","https://raw.githubusercontent.com/mmm777/destinationes-places/main/blue%20flag%20light.png"
"El Cobre",20.0508568,-75.9489842,"El Cobre houses Cuba's National Shrine Basilica of Our Lady of Charity, the patroness of Cuba. This sacred site draws pilgrims seeking the Virgin's intercession since the 17th century.","","https://raw.githubusercontent.com/mmm777/destinationes-places/main/blue%20flag%20light.png"
"Hormigueros",18.1406498,-67.12705319999999,"Hormigueros is renowned as a Catholic pilgrimage destination centered around the historic Basilica of Our Lady of Monserrate, a minor basilica that has drawn faithful devotees for centuries.","","https://raw.githubusercontent.com/mmm777/destinationes-places/main/blue%20flag%20light.png"
"Emmitsburg",39.6989248,-77.3264291,"Emmitsburg hosts two major Catholic shrines honoring America's first native-born saint and Our Lady of Lourdes, drawing thousands of pilgrims annually to this sacred Maryland town.","","https://raw.githubusercontent.com/mmm777/destinationes-places/main/blue%20flag%20light.png"
"Mexico City",19.4847897,-99.11787419999999,"Mexico City houses the world's most visited Catholic shrine, the Basilica of Our Lady of Guadalupe, where millions annually honor the Virgin's miraculous appearance to St. Juan Diego in 1531.","","https://raw.githubusercontent.com/mmm777/destinationes-places/main/blue%20flag%20light.png"
"Suyapa",14.0804358,-87.1573816,"Home to Honduras' patron saint, Our Lady of Suyapa draws thousands of pilgrims annually to venerate the miraculous 18th-century cedar statue and seek her intercession.","","https://raw.githubusercontent.com/mmm777/destinationes-places/main/blue%20flag%20light.png"
"Carmel-by-the-Sea",36.5429357,-121.9200502,"Carmel-by-the-Sea is home to the historic Carmel Mission Basilica, final resting place of St. Junipero Serra and one of America's most popular Catholic pilgrimage sites.","","https://raw.githubusercontent.com/mmm777/destinationes-places/main/blue%20flag%20light.png"
"Higüey",18.6155552,-68.7168797,"Higüey is home to the sacred Basilica of Our Lady of Altagracia, the spiritual heart of Dominican Catholicism and Caribbean pilgrimage.","","https://raw.githubusercontent.com/mmm777/destinationes-places/main/blue%20flag%20light.png"
"Midland",44.7366816,-79.8421388,"Midland is home to the National Shrine of the Canadian Martyrs, honoring eight Jesuit saints who died for their faith over 350 years ago in Ontario.","","https://raw.githubusercontent.com/mmm777/destinationes-places/main/blue%20flag%20light.png"
"San Salvador",13.698274,-89.1911126,"San Salvador stands as a significant Catholic pilgrimage destination, home to the tomb of Saint Óscar Romero and the revered Cathedral of San Salvador.","","https://raw.githubusercontent.com/mmm777/destinationes-places/main/blue%20flag%20light.png"
"Tlaxcala",19.3180271,-98.2281613,"Tlaxcala is home to two major Catholic pilgrimage sites: the Basilica of Our Lady of Ocotlán and the Shrine of San Miguel del Milagro, drawing faithful seeking miracles.","","https://raw.githubusercontent.com/mmm777/destinationes-places/main/blue%20flag%20light.png"
"Baltimore",39.2944188,-76.6165816,"Baltimore holds special significance as America's first Catholic diocese and home to the historic Baltimore Basilica, a National Shrine that invites pilgrims to explore the roots of Catholicism in the United States.","","https://raw.githubusercontent.com/mmm777/destinationes-places/main/blue%20flag%20light.png"
"San Diego",32.7211348,-117.1615388,"San Diego offers Catholic pilgrims significant historic sites including the first California mission and the beautiful St. Joseph Cathedral, making it a meaningful West Coast pilgrimage destination.","","https://raw.githubusercontent.com/mmm777/destinationes-places/main/blue%20flag%20light.png"
"Cairo",30.0935707,31.3251828,"Cairo offers profound Catholic pilgrimage sites connected to the Holy Family's flight to Egypt and ancient Christian heritage. Catholic pilgrims visit sacred churches and historical sites throughout the city.","","https://raw.githubusercontent.com/mmm777/destinationes-places/main/blue%20flag%20light.png"
"Flüeli-Ranft",46.87235,8.2681194,"Flüeli-Ranft is the sacred homeland of Switzerland's national saint Nicholas of Flüe (Brother Klaus), where pilgrims seek spiritual guidance at his birthplace and hermitage.","","https://raw.githubusercontent.com/mmm777/destinationes-places/main/blue%20flag%20light.png"
"Serra San Bruno",38.5539858,16.3126069,"Home to Saint Bruno of Cologne's tomb and the renowned Carthusian monastery, Serra San Bruno offers pilgrims profound spiritual heritage and tranquility in Calabria's Serre Mountains.","","https://raw.githubusercontent.com/mmm777/destinationes-places/main/blue%20flag%20light.png"
"Mugnano del Cardinale",40.9411892,14.6424683,"Mugnano del Cardinale houses the sacred remains of Saint Philomena, making it a significant Catholic pilgrimage site renowned for miraculous healings and devotion.","","https://raw.githubusercontent.com/mmm777/destinationes-places/main/blue%20flag%20light.png"
"Allens Park",40.2470136,-105.5356612,"Saint Catherine's Chapel on the Rock is a historic Catholic chapel built atop a dramatic rock formation, serving as a spiritual landmark in the Colorado Rockies since 1936.","","https://raw.githubusercontent.com/mmm777/destinationes-places/main/blue%20flag%20light.png"
"Kolkata",22.553114,88.363772,"Kolkata offers Catholic pilgrims the sacred Mother House of Saint Teresa of Calcutta, where visitors can pray at her tomb and experience her legacy of compassion.","","https://raw.githubusercontent.com/mmm777/destinationes-places/main/blue%20flag%20light.png"
"Emittsburg",39.6989248,-77.3264291,"Emmitsburg is a sacred Catholic destination home to the National Shrine of Saint Elizabeth Ann Seton and the oldest Lourdes Grotto replica in America.","","https://raw.githubusercontent.com/mmm777/destinationes-places/main/blue%20flag%20light.png"
"Hulbert",36.0340813,-95.1957884,"Hulbert is home to Our Lady of Clear Creek Abbey, a Traditional Benedictine monastery that serves as the destination for the annual Three Hearts Pilgrimage.","","https://raw.githubusercontent.com/mmm777/destinationes-places/main/blue%20flag%20light.png"
"KwaZulu-Natal",-27.8553,31.4538,"KwaZulu-Natal hosts significant Catholic pilgrimage sites, most notably the Ngome Marian Shrine where Our Lady appeared as 'Tabernacle of the Most High'.","","https://raw.githubusercontent.com/mmm777/destinationes-places/main/blue%20flag%20light.png"
"New Haven",41.31192069999999,-72.9238237,"New Haven holds special significance for Catholic pilgrims as the birthplace of the Knights of Columbus and home to Blessed Michael McGivney's tomb.","","https://raw.githubusercontent.com/mmm777/destinationes-places/main/blue%20flag%20light.png"
"Juneau",58.47230930000001,-134.787191,"Juneau's National Shrine of St. Thérèse offers pilgrims a serene spiritual retreat overlooking Lynn Canal, featuring beautiful stone structures and devotional paths.","","https://raw.githubusercontent.com/mmm777/destinationes-places/main/blue%20flag%20light.png"
"Hansville",47.9175659,-122.5472438,"Hansville Community Church serves as a modest Christian worship site in this scenic coastal community.","","https://raw.githubusercontent.com/mmm777/destinationes-places/main/blue%20flag%20light.png"
"Tucson",32.1071807,-111.0079895,"Tucson offers Catholic pilgrims spiritual encounters at historic Mission San Xavier del Bac and the Byzantine Mary Undoer of Knots Shrine.","","https://raw.githubusercontent.com/mmm777/destinationes-places/main/blue%20flag%20light.png"
"Lacrosse",43.7543925,-91.1799939,"La Crosse is home to the magnificent Shrine of Our Lady of Guadalupe, a major Catholic pilgrimage site that draws faithful from across America seeking spiritual renewal and Marian devotion.","","https://raw.githubusercontent.com/mmm777/destinationes-places/main/blue%20flag%20light.png"
"San Nicolás",-33.32668,-60.23366,"San Nicolás is home to the Sanctuary of Our Lady of the Rosary, site of approved Marian apparitions and a major Catholic pilgrimage destination in Argentina.","","https://raw.githubusercontent.com/mmm777/destinationes-places/main/blue%20flag%20light.png"
"Mt. Koressos (Ephesus)",37.911723,27.334163,"Mount Koressos houses the Virgin Mary's final dwelling, a sacred Catholic pilgrimage site where tradition holds she spent her last years under St. John's care.","","https://raw.githubusercontent.com/mmm777/destinationes-places/main/blue%20flag%20light.png"
"Oklahoma City",35.3757068,-97.49746379999999,"Oklahoma City stands as a rising Catholic pilgrimage destination with the Blessed Stanley Rother Shrine honoring America's first priest-martyr.","","https://raw.githubusercontent.com/mmm777/destinationes-places/main/blue%20flag%20light.png"
"San Antonio",29.446085,-98.5254227,"San Antonio offers a rich Catholic pilgrimage experience through its historic Spanish missions and the National Shrine of the Little Flower, America's first shrine to St. Thérèse of Lisieux.","","https://raw.githubusercontent.com/mmm777/destinationes-places/main/blue%20flag%20light.png"
"Annaya",34.1207322,35.7539443,"Annaya is home to the Monastery of Saint Maron, containing the tomb of Saint Charbel Makhlouf, the renowned 19th-century Maronite monk known for miraculous healings.","","https://raw.githubusercontent.com/mmm777/destinationes-places/main/blue%20flag%20light.png"
"Carmemell",41.4354609,-74.43523449999999,"The National Shrine of Our Lady of Mount Carmel serves as a major Catholic pilgrimage site dedicated to Marian devotion and Carmelite spirituality.","","https://raw.githubusercontent.com/mmm777/destinationes-places/main/blue%20flag%20light.png"
